{
  "stages": {
    "retriever": {
      "per_task_ms": {
        "3d-scan-calc": 22.300499957054853,
        "ada-bathroom-plan-repair": 24.797999998554587,
        "adaptive-cruise-control": 22.45970000512898,
        "azure-bgp-oscillation-route-leak": 20.848399959504604,
        "bike-rebalance": 21.410200046375394,
        "citation-check": 17.75710005313158,
        "civ6-adjacency-optimizer": 21.433799993246794,
        "court-form-filling": 15.91860014013946,
        "crystallographic-wyckoff-position-analysis": 19.33040004223585,
        "dapt-intrusion-detection": 30.525899957865477,
        "data-to-d3": 21.594699937850237,
        "debug-trl-grpo": 14.844999881461263,
        "dialogue-parser": 21.762199932709336,
        "drone-planning-control": 21.195299923419952,
        "dynamic-object-aware-egomotion": 18.093999940901995,
        "earthquake-phase-association": 19.03420011512935,
        "earthquake-plate-calculation": 14.565099962055683,
        "econ-detrending-correlation": 21.30120014771819,
        "edit-pdf": 17.10100006312132,
        "energy-ac-optimal-power-flow": 20.36470011807978,
        "energy-market-pricing": 21.580399945378304,
        "energy-unit-commitment": 21.393900038674474,
        "enterprise-information-search": 17.105799866840243,
        "exam-block-sequencing": 19.928700057789683,
        "exceltable-in-ppt": 16.759000020101666,
        "exoplanet-detection-period": 17.66819995827973,
        "financial-modeling-qa": 15.931400004774332,
        "find-topk-similiar-chemicals": 14.91850009188056,
        "fix-build-agentops": 15.499199973419309,
        "fix-build-google-auto": 20.151499891653657,
        "fix-druid-loophole-cve": 19.486699951812625,
        "fix-erlang-ssh-cve": 16.07110002078116,
        "fix-visual-stability": 13.740200083702803,
        "flink-query": 25.24939994327724,
        "flood-risk-analysis": 15.65920002758503,
        "gh-repo-analytics": 18.809699919074774,
        "glm-lake-mendota": 16.59029978327453,
        "gravitational-wave-detection": 17.848199931904674,
        "grid-dispatch-operator": 17.181799979880452,
        "hvac-control": 20.51860000938177,
        "invoice-fraud-detection": 19.993599969893694,
        "jax-computing-basics": 16.001899959519506,
        "jpg-ocr-stat": 20.9969999268651,
        "lab-unit-harmonization": 29.530299827456474,
        "lake-warming-attribution": 16.876700101420283,
        "latex-formula-extraction": 19.642399856820703,
        "lean4-proof": 16.19990007020533,
        "llm-prefix-cache-replay": 17.32699992135167,
        "manufacturing-codebook-normalization": 22.07610011100769,
        "manufacturing-equipment-maintenance": 23.506700061261654,
        "manufacturing-fjsp-optimization": 17.730499850586057,
        "mario-coin-counting": 21.374700125306845,
        "mars-clouds-clustering": 23.734499933198094,
        "multilingual-video-dubbing": 23.65949982777238,
        "offer-letter-generator": 16.180100152269006,
        "organize-messy-files": 17.403499921783805,
        "paper-anonymizer": 18.25960003770888,
        "parallel-tfidf-search": 18.851000117138028,
        "paratransit-routing": 19.53530008904636,
        "pddl-tpp-planning": 22.459100000560284,
        "pdf-excel-diff": 19.860800122842193,
        "pedestrian-traffic-counting": 15.468600206077099,
        "pg-essay-to-audiobook": 19.969400018453598,
        "powerlifting-coef-calc": 17.511799931526184,
        "pptx-reference-formatting": 14.65620007365942,
        "protein-expression-analysis": 20.29659994877875,
        "python-scala-translation": 16.255900030955672,
        "quantum-numerical-simulation": 20.809700014069676,
        "r2r-mpc-control": 20.646799821406603,
        "radar-vital-signs": 18.43110006302595,
        "react-performance-debugging": 16.235999995842576,
        "reserves-at-risk-calc": 20.271000219509006,
        "sales-pivot-analysis": 18.576299771666527,
        "sec-financial-report": 20.23239992558956,
        "seismic-phase-picking": 19.07000015489757,
        "setup-fuzzing-py": 17.274999991059303,
        "shock-analysis-demand": 19.11740005016327,
        "shock-analysis-supply": 21.455700043588877,
        "simpo-code-reproduction": 16.040599904954433,
        "software-dependency-audit": 15.601299935951829,
        "spring-boot-jakarta-migration": 15.700899995863438,
        "suricata-custom-exfil": 15.617199940606952,
        "syzkaller-ppdev-syzlang": 16.29129983484745,
        "taxonomy-tree-merge": 20.781799918040633,
        "threejs-structure-parser": 24.82549985870719,
        "threejs-to-obj": 16.515100141987205,
        "tictoc-unnecessary-abort-detection": 21.119900047779083,
        "travel-planning": 21.27430005930364,
        "video-filler-word-remover": 14.871199848130345,
        "video-silence-remover": 19.0115999430418,
        "video-tutorial-indexer": 19.800800131633878,
        "virtualhome-agent-planning": 23.758500115945935,
        "weighted-gdp-calc": 17.8827999625355,
        "xlsx-recover-data": 15.633499948307872
      },
      "aggregate": {
        "median_ms": 19.05,
        "mean_ms": 19.16,
        "p95_ms": 24.8
      }
    },
    "reranker": {
      "per_task_ms": {
        "3d-scan-calc": 5874.47310006246,
        "ada-bathroom-plan-repair": 61737.29449999519,
        "adaptive-cruise-control": 17039.365200093016,
        "azure-bgp-oscillation-route-leak": 8601.783900056034,
        "bike-rebalance": 28398.29650009051,
        "citation-check": 5694.075299892575,
        "civ6-adjacency-optimizer": 12146.539499983191,
        "court-form-filling": 7212.002000072971,
        "crystallographic-wyckoff-position-analysis": 8910.542000085115,
        "dapt-intrusion-detection": 19643.00739997998,
        "data-to-d3": 11449.8134998139,
        "debug-trl-grpo": 3638.064900180325,
        "dialogue-parser": 9849.684900138527,
        "drone-planning-control": 17343.554300023243,
        "dynamic-object-aware-egomotion": 6946.334700100124,
        "earthquake-phase-association": 9925.78659998253,
        "earthquake-plate-calculation": 6719.272099900991,
        "econ-detrending-correlation": 11528.707999968901,
        "edit-pdf": 5812.701400136575,
        "energy-ac-optimal-power-flow": 10855.74399982579,
        "energy-market-pricing": 18749.981600092724,
        "energy-unit-commitment": 17775.839899899438,
        "enterprise-information-search": 6358.546799980104,
        "exam-block-sequencing": 12814.311299938709,
        "exceltable-in-ppt": 5040.744900004938,
        "exoplanet-detection-period": 5933.169599855319,
        "financial-modeling-qa": 5082.695999881253,
        "find-topk-similiar-chemicals": 5191.5821000002325,
        "fix-build-agentops": 5862.616100115702,
        "fix-build-google-auto": 5882.962499978021,
        "fix-druid-loophole-cve": 9621.799600077793,
        "fix-erlang-ssh-cve": 4837.00199984014,
        "fix-visual-stability": 3139.888900099322,
        "flink-query": 13700.297199888155,
        "flood-risk-analysis": 4554.9514999147505,
        "gh-repo-analytics": 8796.758900163695,
        "glm-lake-mendota": 5184.726799838245,
        "gravitational-wave-detection": 7397.582500008866,
        "grid-dispatch-operator": 7482.013999950141,
        "hvac-control": 11303.758699912578,
        "invoice-fraud-detection": 11503.209300106391,
        "jax-computing-basics": 5558.626100188121,
        "jpg-ocr-stat": 12919.373400043696,
        "lab-unit-harmonization": 11947.050800081342,
        "lake-warming-attribution": 7337.562199914828,
        "latex-formula-extraction": 9850.057400064543,
        "lean4-proof": 6223.59409998171,
        "llm-prefix-cache-replay": 7700.282800011337,
        "manufacturing-codebook-normalization": 10219.125100178644,