{
  "stages": {
    "retriever": {
      "per_task_ms": {
        "3d-scan-calc": 40.150733999325894,
        "ada-bathroom-plan-repair": 30.504247999488143,
        "adaptive-cruise-control": 26.515821999055333,
        "azure-bgp-oscillation-route-leak": 25.218225000571692,
        "bike-rebalance": 28.463662001740886,
        "citation-check": 19.58515200021793,
        "civ6-adjacency-optimizer": 26.01433300151257,
        "court-form-filling": 30.619633002061164,
        "crystallographic-wyckoff-position-analysis": 24.929643001087243,
        "dapt-intrusion-detection": 26.25725500183762,
        "data-to-d3": 26.244256998325,
        "debug-trl-grpo": 18.932531998871127,
        "dialogue-parser": 26.280002999556018,
        "drone-planning-control": 26.065338002808858,
        "dynamic-object-aware-egomotion": 22.006729999702657,
        "earthquake-phase-association": 23.466623002605047,
        "earthquake-plate-calculation": 20.135557002504356,
        "econ-detrending-correlation": 25.905458998749964,
        "edit-pdf": 20.578580999426777,
        "energy-ac-optimal-power-flow": 27.408521997131174,
        "energy-market-pricing": 31.773055998201016,
        "energy-unit-commitment": 26.898891999735497,
        "enterprise-information-search": 20.469019997108262,
        "exam-block-sequencing": 25.60763799920096,
        "exceltable-in-ppt": 20.239207999111386,
        "exoplanet-detection-period": 20.789308997336775,
        "financial-modeling-qa": 20.49537600032636,
        "find-topk-similiar-chemicals": 19.613385000411654,
        "fix-build-agentops": 20.18623500043759,
        "fix-build-google-auto": 19.513651001034304,
        "fix-druid-loophole-cve": 24.271586000395473,
        "fix-erlang-ssh-cve": 27.738506003515795,
        "fix-visual-stability": 19.676242998684756,
        "flink-query": 27.186619998246897,
        "flood-risk-analysis": 19.533490998583147,
        "gh-repo-analytics": 28.047261999745388,
        "glm-lake-mendota": 25.7709600009548,
        "gravitational-wave-detection": 23.680336998950224,
        "grid-dispatch-operator": 23.8700890004111,
        "hvac-control": 26.915566002571722,
        "invoice-fraud-detection": 25.430405999941286,
        "jax-computing-basics": 25.275650001276517,
        "jpg-ocr-stat": 27.007959000911796,
        "lab-unit-harmonization": 25.924631998350378,
        "lake-warming-attribution": 22.05037499879836,
        "latex-formula-extraction": 24.62929299872485,
        "lean4-proof": 21.684470000764122,
        "llm-prefix-cache-replay": 21.766699002910173,
        "manufacturing-codebook-normalization": 25.753092999366345,
        "manufacturing-equipment-maintenance": 28.55435200035572,
        "manufacturing-fjsp-optimization": 26.06128299885313,
        "mario-coin-counting": 24.761537999438588,
        "mars-clouds-clustering": 26.197315997706028,
        "multilingual-video-dubbing": 26.11748400158831,
        "offer-letter-generator": 20.494806998613058,
        "organize-messy-files": 20.146920996921835,
        "paper-anonymizer": 20.279407002817607,
        "parallel-tfidf-search": 22.008613999787485,
        "paratransit-routing": 19.535532999725547,
        "pddl-tpp-planning": 25.48997299891198,
        "pdf-excel-diff": 24.49723300014739,
        "pedestrian-traffic-counting": 27.193320001970278,
        "pg-essay-to-audiobook": 19.93829400089453,
        "powerlifting-coef-calc": 22.144272003060905,
        "pptx-reference-formatting": 20.532115999230882,
        "protein-expression-analysis": 25.32967699880828,
        "python-scala-translation": 22.279785996943247,
        "quantum-numerical-simulation": 27.15580000221962,
        "r2r-mpc-control": 27.42084399869782,
        "radar-vital-signs": 23.045439000270562,
        "react-performance-debugging": 20.574875998136122,
        "reserves-at-risk-calc": 26.466753999557113,
        "sales-pivot-analysis": 24.460620999889215,
        "sec-financial-report": 27.66689100099029,
        "seismic-phase-picking": 25.72100299948943,
        "setup-fuzzing-py": 22.601552998821717,
        "shock-analysis-demand": 25.988986999436747,
        "shock-analysis-supply": 27.621995999652427,
        "simpo-code-reproduction": 21.6839210006583,
        "software-dependency-audit": 21.755772999313194,
        "spring-boot-jakarta-migration": 20.92236799944658,
        "suricata-custom-exfil": 21.518898000067566,
        "syzkaller-ppdev-syzlang": 22.969986999669345,
        "taxonomy-tree-merge": 27.179895998415304,
        "threejs-structure-parser": 22.14549099880969,
        "threejs-to-obj": 26.945063000312075,
        "tictoc-unnecessary-abort-detection": 27.219232000788907,
        "travel-planning": 28.668836999713676,
        "video-filler-word-remover": 21.86662699750741,
        "video-silence-remover": 131.82722100100364,
        "video-tutorial-indexer": 25.555235999490833,
        "virtualhome-agent-planning": 26.00327899926924,
        "weighted-gdp-calc": 23.12420199814369,
        "xlsx-recover-data": 26.707271001214394
      },
      "aggregate": {
        "median_ms": 25.25,
        "mean_ms": 25.57,
        "p95_ms": 30.5
      }
    },
    "reranker": {
      "per_task_ms": {
        "3d-scan-calc": 2275.5357189998904,
        "ada-bathroom-plan-repair": 2218.3203360000334,
        "adaptive-cruise-control": 2137.84006700007,
        "azure-bgp-oscillation-route-leak": 2216.006558002846,
        "bike-rebalance": 2158.178472000145,
        "citation-check": 2207.181933001266,
        "civ6-adjacency-optimizer": 2137.698079000984,
        "court-form-filling": 2230.994498000655,
        "crystallographic-wyckoff-position-analysis": 2221.5814949995547,
        "dapt-intrusion-detection": 2139.5758600010595,
        "data-to-d3": 2136.327022999467,
        "debug-trl-grpo": 2167.3907689983025,
        "dialogue-parser": 2110.2830929994525,
        "drone-planning-control": 2129.9678679970384,
        "dynamic-object-aware-egomotion": 2205.476869999984,
        "earthquake-phase-association": 2216.9267689969274,
        "earthquake-plate-calculation": 2208.5855410005024,
        "econ-detrending-correlation": 2131.1702499988314,
        "edit-pdf": 2201.0643419998814,
        "energy-ac-optimal-power-flow": 2116.2383560003946,
        "energy-market-pricing": 2146.400039000582,
        "energy-unit-commitment": 2137.8110260011454,
        "enterprise-information-search": 2210.421536998183,
        "exam-block-sequencing": 2123.812532001466,
        "exceltable-in-ppt": 2198.031315998378,
        "exoplanet-detection-period": 2208.64056299979,
        "financial-modeling-qa": 2197.7360639975814,
        "find-topk-similiar-chemicals": 2211.8040079985803,
        "fix-build-agentops": 2207.123167998361,
        "fix-build-google-auto": 2200.3451060008956,
        "fix-druid-loophole-cve": 2127.327137000975,
        "fix-erlang-ssh-cve": 2207.941357999516,
        "fix-visual-stability": 2087.490975998662,
        "flink-query": 2116.820291001204,
        "flood-risk-analysis": 2204.02223900237,
        "gh-repo-analytics": 2241.8103640011395,
        "glm-lake-mendota": 2213.5192470013862,
        "gravitational-wave-detection": 2221.1580330003926,
        "grid-dispatch-operator": 2192.1774490001553,
        "hvac-control": 2127.299965999555,
        "invoice-fraud-detection": 2129.000154000096,
        "jax-computing-basics": 2233.574794998276,
        "jpg-ocr-stat": 2132.315496000956,
        "lab-unit-harmonization": 2139.2202909992193,
        "lake-warming-attribution": 2220.779682000284,
        "latex-formula-extraction": 2155.302393002785,
        "lean4-proof": 2211.353439000959,
        "llm-prefix-cache-replay": 2203.9476610007114,
        "manufacturing-codebook-normalization": 2131.8063929975324,
        "manufacturing-equipment-maintenance": 2158.8092560014047,
        "manufacturing-fjsp-optimization": 2203.733285998169,
        "mario-coin-counting": 2278.1730180031445,